seed,training_burnin,evaluation_burnin,position,mu_degrees,mean_signed_error_pp,mae_pp,mse_pp2
42,0,0,p20,11.324468189760786,15.635258674621582,11.278349876403809,246.4749755859375
42,0,0,p40,3.9374505675758553,5.459354400634766,11.278349876403809,246.4749755859375
42,0,0,p60,-1.4683028269904121,-2.03190016746521,11.278349876403809,246.4749755859375
42,0,0,p80,-7.677824411374836,-10.620479583740234,11.278349876403809,246.4749755859375
43,0,0,p20,11.972989559547427,16.630205154418945,11.67838191986084,259.2067565917969
43,0,0,p40,3.828857889478376,5.384871482849121,11.67838191986084,259.2067565917969
43,0,0,p60,-1.5704056243043454,-2.1734731197357178,11.67838191986084,259.2067565917969
43,0,0,p80,-8.226786391590519,-11.285964012145996,11.67838191986084,259.2067565917969
44,0,0,p20,12.321430811201575,16.839405059814453,11.618992805480957,255.6857452392578
44,0,0,p40,4.078682038804658,5.7329206466674805,11.618992805480957,255.6857452392578
44,0,0,p60,-1.8353099494131286,-2.539985418319702,11.618992805480957,255.6857452392578
44,0,0,p80,-7.670357170943275,-10.574112892150879,11.618992805480957,255.6857452392578
45,0,0,p20,11.908361795900127,16.326757431030273,11.566583633422852,250.76068115234375
45,0,0,p40,3.5880476821098344,5.013085842132568,11.566583633422852,250.76068115234375
45,0,0,p60,-1.8213040204130286,-2.51873779296875,11.566583633422852,250.76068115234375
45,0,0,p80,-8.15103592320243,-11.195033073425293,11.566583633422852,250.76068115234375
46,0,0,p20,11.900471490169664,16.495943069458008,11.446074485778809,251.2493438720703
46,0,0,p40,3.9523753077273533,5.4949421882629395,11.446074485778809,251.2493438720703
46,0,0,p60,-1.6509788988046237,-2.310044527053833,11.446074485778809,251.2493438720703
46,0,0,p80,-8.027859431351093,-11.021979331970215,11.446074485778809,251.2493438720703
47,0,0,p20,12.068590309357537,16.531322479248047,11.384654998779297,247.0714111328125
47,0,0,p40,3.9990616875223197,5.527673721313477,11.384654998779297,247.0714111328125
47,0,0,p60,-1.7830410593049648,-2.4684343338012695,11.384654998779297,247.0714111328125
47,0,0,p80,-7.692258605838192,-10.569552421569824,11.384654998779297,247.0714111328125
48,0,0,p20,11.389255832683162,16.066518783569336,11.276031494140625,248.76268005371094
48,0,0,p40,4.074638732833166,5.6305155754089355,11.276031494140625,248.76268005371094
48,0,0,p60,-1.341627193019993,-1.8572357892990112,11.276031494140625,248.76268005371094
48,0,0,p80,-7.51436498187772,-10.321151733398438,11.276031494140625,248.76268005371094
49,0,0,p20,12.005992244048686,16.453641891479492,11.438623428344727,246.02505493164062
49,0,0,p40,3.7293263318370307,5.183043003082275,11.438623428344727,246.02505493164062
49,0,0,p60,-1.5522814577983362,-2.147815465927124,11.438623428344727,246.02505493164062
49,0,0,p80,-7.9406906066115,-10.928791046142578,11.438623428344727,246.02505493164062
50,0,0,p20,12.268881189087189,16.82870864868164,11.768998146057129,261.037353515625
50,0,0,p40,4.244298839190214,5.862060070037842,11.768998146057129,261.037353515625
50,0,0,p60,-1.7106435492877832,-2.367810010910034,11.768998146057129,261.037353515625
50,0,0,p80,-8.178099393731875,-11.218313217163086,11.768998146057129,261.037353515625
51,0,0,p20,12.421498737066848,17.00770378112793,11.764223098754883,263.6827392578125
51,0,0,p40,4.227574028295106,5.836790561676025,11.764223098754883,263.6827392578125
51,0,0,p60,-1.5593464795281062,-2.156919479370117,11.764223098754883,263.6827392578125
51,0,0,p80,-7.861133080450939,-10.797433853149414,11.764223098754883,263.6827392578125
52,0,0,p20,11.829724636102393,16.21796226501465,11.413911819458008,242.3766632080078
52,0,0,p40,3.7496199701574033,5.254396438598633,11.413911819458008,242.3766632080078
52,0,0,p60,-2.053093994865928,-2.8424839973449707,11.413911819458008,242.3766632080078
52,0,0,p80,-7.96720458053981,-10.948058128356934,11.413911819458008,242.3766632080078
53,0,0,p20,12.370016628944317,16.88766098022461,11.691941261291504,259.1489562988281
53,0,0,p40,4.312071426164132,5.992917060852051,11.691941261291504,259.1489562988281
53,0,0,p60,-1.4898835409700883,-2.062283754348755,11.691941261291504,259.1489562988281
53,0,0,p80,-7.971672670184498,-10.944430351257324,11.691941261291504,259.1489562988281
54,0,0,p20,11.775838628837565,16.391504287719727,11.461531639099121,250.57553100585938
54,0,0,p40,4.123895742086851,5.759519100189209,11.461531639099121,250.57553100585938
54,0,0,p60,-1.7259744539480253,-2.3883087635040283,11.461531639099121,250.57553100585938
54,0,0,p80,-7.56173057706232,-10.387361526489258,11.461531639099121,250.57553100585938
55,0,0,p20,12.420207706409524,16.93162727355957,11.695923805236816,253.67913818359375
55,0,0,p40,4.2219105092520515,5.832541465759277,11.695923805236816,253.67913818359375
55,0,0,p60,-1.7718806820646293,-2.452420473098755,11.695923805236816,253.67913818359375
55,0,0,p80,-8.190516681055561,-11.252386093139648,11.695923805236816,253.67913818359375
56,0,0,p20,11.967608924552291,16.62382698059082,11.46480655670166,249.9992218017578
56,0,0,p40,3.8883488496617606,5.392471790313721,11.46480655670166,249.9992218017578
56,0,0,p60,-1.6563495977178393,-2.293978691101074,11.46480655670166,249.9992218017578
56,0,0,p80,-7.992628190765394,-10.97870922088623,11.46480655670166,249.9992218017578
57,0,0,p20,13.367636575694146,18.15985870361328,12.516709327697754,286.3441467285156
57,0,0,p40,4.710954346501265,6.500810146331787,12.516709327697754,286.3441467285156
57,0,0,p60,-1.8942505426794893,-2.620535135269165,12.516709327697754,286.3441467285156
57,0,0,p80,-8.92061559992401,-12.231484413146973,12.516709327697754,286.3441467285156
58,0,0,p20,12.231376186904495,16.848968505859375,11.668045043945312,255.03965759277344
58,0,0,p40,4.0539879583538925,5.653090953826904,11.668045043945312,255.03965759277344
58,0,0,p60,-1.8115228936951147,-2.50691819190979,11.668045043945312,255.03965759277344
58,0,0,p80,-8.187729157058827,-11.24266242980957,11.668045043945312,255.03965759277344
59,0,0,p20,12.469295465089175,17.0598087310791,11.878511428833008,262.4700012207031
59,0,0,p40,4.267127016114008,5.962237358093262,11.878511428833008,262.4700012207031
59,0,0,p60,-1.9097411260867068,-2.641519546508789,11.878511428833008,262.4700012207031
59,0,0,p80,-8.166082148888313,-11.265148162841797,11.878511428833008,262.4700012207031
60,0,0,p20,11.967437061522078,16.4406681060791,11.678849220275879,255.73036193847656
60,0,0,p40,4.2601483322911475,5.885107040405273,11.678849220275879,255.73036193847656
60,0,0,p60,-1.7050240817766789,-2.3595190048217773,11.678849220275879,255.73036193847656
60,0,0,p80,-8.335481134099524,-11.43571949005127,11.678849220275879,255.73036193847656
61,0,0,p20,12.844168862037021,17.66282844543457,12.226633071899414,266.695556640625
61,0,0,p40,4.525638514342651,6.2650675773620605,12.226633071899414,266.695556640625
61,0,0,p60,-1.7754665910211729,-2.4568374156951904,12.226633071899414,266.695556640625
61,0,0,p80,-8.65946501800793,-11.943559646606445,12.226633071899414,266.695556640625
42,100,100,p20,8.665659306444715,12.165151596069336,11.325322151184082,248.45040893554688
42,100,100,p40,2.6097890750508523,3.601651668548584,11.325322151184082,248.45040893554688
42,100,100,p60,-2.4393512891496116,-3.368837356567383,11.325322151184082,248.45040893554688
42,100,100,p80,-8.547640950037529,-11.979630470275879,11.325322151184082,248.45040893554688
43,100,100,p20,8.148048491860996,11.754939079284668,11.128173828125,245.9071044921875
43,100,100,p40,2.4981084570092893,3.500413179397583,11.128173828125,245.9071044921875
43,100,100,p60,-2.4214829807840417,-3.3435068130493164,11.128173828125,245.9071044921875
43,100,100,p80,-8.59990261073675,-11.990053176879883,11.128173828125,245.9071044921875
44,100,100,p20,9.40702070626217,12.947890281677246,11.6854248046875,265.1350402832031
44,100,100,p40,2.910290307753419,4.013988971710205,11.6854248046875,265.1350402832031
44,100,100,p60,-2.6881916921683224,-3.7086730003356934,11.6854248046875,265.1350402832031
44,100,100,p80,-8.75530693906781,-12.143521308898926,11.6854248046875,265.1350402832031
45,100,100,p20,9.029893251006861,12.416945457458496,11.68483829498291,263.309326171875
45,100,100,p40,2.5418117716258974,3.506842851638794,11.68483829498291,263.309326171875
45,100,100,p60,-2.722220382900837,-3.754720449447632,11.68483829498291,263.309326171875
45,100,100,p80,-9.281760540907754,-12.83222484588623,11.68483829498291,263.309326171875
46,100,100,p20,8.935668084881684,12.446593284606934,11.354844093322754,247.95465087890625
46,100,100,p40,2.754078025898476,3.798642873764038,11.354844093322754,247.95465087890625
46,100,100,p60,-2.6198872229429577,-3.621236801147461,11.354844093322754,247.95465087890625
46,100,100,p80,-8.908031278138187,-12.309187889099121,11.354844093322754,247.95465087890625
47,100,100,p20,8.024522333136561,11.302289009094238,10.820131301879883,233.27040100097656
47,100,100,p40,2.6329772447334245,3.7021877765655518,10.820131301879883,233.27040100097656
47,100,100,p60,-2.6207055666140224,-3.6197257041931152,10.820131301879883,233.27040100097656
47,100,100,p80,-8.267146198906808,-11.545767784118652,10.820131301879883,233.27040100097656
48,100,100,p20,8.239930053647146,11.759607315063477,11.143890380859375,251.69117736816406
48,100,100,p40,2.6582044029346807,3.66922664642334,11.143890380859375,251.69117736816406
48,100,100,p60,-2.403082857394262,-3.390272855758667,11.143890380859375,251.69117736816406
48,100,100,p80,-8.677576622044176,-11.992439270019531,11.143890380859375,251.69117736816406
49,100,100,p20,8.590530797095301,11.941251754760742,11.154914855957031,242.6964569091797
49,100,100,p40,2.487136510502269,3.4348442554473877,11.154914855957031,242.6964569091797
49,100,100,p60,-2.3016560456642075,-3.177746057510376,11.154914855957031,242.6964569091797
49,100,100,p80,-8.805885036111233,-12.220015525817871,11.154914855957031,242.6964569091797
50,100,100,p20,9.446402962611925,13.0971097946167,11.81887149810791,268.60186767578125
50,100,100,p40,2.8058031606920952,3.870185136795044,11.81887149810791,268.60186767578125
50,100,100,p60,-2.7360971199564204,-3.776402473449707,11.81887149810791,268.60186767578125
50,100,100,p80,-9.180950783376423,-12.544814109802246,11.81887149810791,268.60186767578125
51,100,100,p20,9.09471080722053,12.610286712646484,11.46715259552002,256.2298583984375
51,100,100,p40,2.9077986657896924,4.0082478523254395,11.46715259552002,256.2298583984375
51,100,100,p60,-2.723394092724806,-3.759875535964966,11.46715259552002,256.2298583984375
51,100,100,p80,-8.832831213990262,-12.145195007324219,11.46715259552002,256.2298583984375
52,100,100,p20,8.858604118447602,12.335566520690918,11.434073448181152,253.10153198242188
52,100,100,p40,2.653065260153249,3.665243148803711,11.434073448181152,253.10153198242188
52,100,100,p60,-2.9976575235379013,-4.138584136962891,11.434073448181152,253.10153198242188
52,100,100,p80,-9.065690913388789,-12.664786338806152,11.434073448181152,253.10153198242188
53,100,100,p20,9.063120062873786,12.551980972290039,11.480981826782227,255.0110321044922
53,100,100,p40,3.0351517526326233,4.187582969665527,11.480981826782227,255.0110321044922
53,100,100,p60,-2.558249081428691,-3.529492139816284,11.480981826782227,255.0110321044922
53,100,100,p80,-8.609178760135594,-11.909052848815918,11.480981826782227,255.0110321044922
54,100,100,p20,8.512974440119358,12.024030685424805,11.201874732971191,244.63165283203125
54,100,100,p40,2.8731316160834197,3.9667584896087646,11.201874732971191,244.63165283203125
54,100,100,p60,-2.760790801524967,-3.9454233646392822,11.201874732971191,244.63165283203125
54,100,100,p80,-8.202260410060072,-11.516888618469238,11.201874732971191,244.63165283203125
55,100,100,p20,8.802138839898797,12.169462203979492,11.306629180908203,249.42947387695312
55,100,100,p40,2.6285416276950446,3.640162706375122,11.306629180908203,249.42947387695312
55,100,100,p60,-2.682648738532477,-3.7425708770751953,11.306629180908203,249.42947387695312
55,100,100,p80,-8.68897212792759,-12.083995819091797,11.306629180908203,249.42947387695312
56,100,100,p20,8.20535058033499,11.652804374694824,11.074790954589844,242.2839813232422
56,100,100,p40,2.653090188128425,3.662623643875122,11.074790954589844,242.2839813232422
56,100,100,p60,-2.4582909468330714,-3.496659755706787,11.074790954589844,242.2839813232422
56,100,100,p80,-8.8609888376098,-12.269816398620605,11.074790954589844,242.2839813232422
57,100,100,p20,9.5882291344122,13.079866409301758,11.8717679977417,270.2069396972656
57,100,100,p40,3.0236166155550457,4.169372081756592,11.8717679977417,270.2069396972656
57,100,100,p60,-2.721062082136421,-3.7537405490875244,11.8717679977417,270.2069396972656
57,100,100,p80,-9.093059626908346,-12.69821834564209,11.8717679977417,270.2069396972656
58,100,100,p20,9.305291971764044,12.989307403564453,11.650510787963867,258.8094177246094
58,100,100,p40,2.6872124075218577,3.7089529037475586,11.650510787963867,258.8094177246094
58,100,100,p60,-2.7239082326775974,-3.7593626976013184,11.650510787963867,258.8094177246094
58,100,100,p80,-8.887819748417689,-12.34692096710205,11.650510787963867,258.8094177246094
59,100,100,p20,9.557018008625336,13.144261360168457,11.946503639221191,271.14019775390625
59,100,100,p40,3.0397397637542127,4.190972328186035,11.946503639221191,271.14019775390625
59,100,100,p60,-3.1304579860842523,-4.316659927368164,11.946503639221191,271.14019775390625
59,100,100,p80,-9.39106020790417,-12.916706085205078,11.946503639221191,271.14019775390625
60,100,100,p20,8.919886251239245,12.385805130004883,11.53005599975586,256.0486145019531
60,100,100,p40,2.9411763817984657,4.084868431091309,11.53005599975586,256.0486145019531
60,100,100,p60,-2.749689630951269,-3.8194212913513184,11.53005599975586,256.0486145019531
60,100,100,p80,-9.064037353695614,-12.509657859802246,11.53005599975586,256.0486145019531
61,100,100,p20,9.652181779104284,13.328916549682617,11.814083099365234,261.2840576171875
61,100,100,p40,3.0064359812403327,4.1477155685424805,11.814083099365234,261.2840576171875
61,100,100,p60,-2.6990576564387,-3.7273361682891846,11.814083099365234,261.2840576171875
61,100,100,p80,-9.070340344393433,-12.773140907287598,11.814083099365234,261.2840576171875
